dateOp,amount
2025-02-24,"0,30"
2025-02-24,"55,86"
2025-02-21,"-8,00"
2025-02-21,"-59,04"
2025-02-20,"-25,95"
2025-02-20,"-55,86"
2025-02-18,"-20,00"
2025-02-18,"400,00"
2025-02-17,"-14,07"
2025-02-17,"-8,00"
2025-02-13,"-20,00"
2025-02-10,"-10,27"
2025-02-10,"-8,00"
2025-02-07,"-45,24"
2025-02-05,"-20,00"
2025-02-05,"-20,00"
2025-02-03,"-2,80"
2025-02-03,"-2,80"
2025-02-03,"-2,80"
2025-02-03,"-1,50"
2025-02-03,"-5,99"
2025-01-28,"-9,95"
2025-01-28,"-52,85"
2025-01-27,"-16,40"
2025-01-27,"-26,20"
2025-01-27,"-18,00"
2025-01-24,"-20,00"
2025-01-22,"-2,00"
2025-01-20,"-29,82"
2025-01-16,"-30,00"
2025-01-16,"400,00"
2025-01-13,"-23,34"
2025-01-13,"-20,00"
2025-01-08,"-20,00"
2025-01-08,"-20,00"
2025-01-07,"-21,56"
2025-01-06,"-5,08"
2025-01-03,"-39,19"
2025-01-03,"-24,25"
2025-01-02,"-284,00"
2025-01-02,"300,00"
2024-12-31,"-46,96"
2024-12-30,"-8,00"
2024-12-30,"-53,49"
2024-12-27,"-16,70"
2024-12-27,"-7,10"
2024-12-27,"-3,60"
2024-12-27,"-48,80"
2024-12-27,"-5,00"
2024-12-27,"-2,00"
2024-12-27,"-2,00"
2024-12-27,"-1,50"
2024-12-27,"-2,80"
2024-12-27,"-3,00"
2024-12-27,"-4,50"
2024-12-27,"-22,13"
2024-12-27,"-16,89"
2024-12-23,"-29,27"
2024-12-23,"-18,19"
2024-12-20,"-14,90"
2024-12-19,"-1,75"
2024-12-17,"400,00"
2024-12-16,"-23,61"
2024-12-16,"-20,00"
2024-12-16,"-8,00"
2024-12-11,"-20,00"
2024-12-10,"-20,00"
2024-12-05,"-20,00"
2024-12-03,"-2,80"
2024-12-02,"-25,59"
2024-12-02,"-20,00"
2024-12-02,"-20,45"
2024-11-29,"-20,00"
2024-11-29,"-2,80"
2024-11-25,"-34,12"
2024-11-22,"-20,00"
2024-11-21,"-3,93"
2024-11-20,"-20,00"
2024-11-18,"-25,10"
2024-11-18,"-20,00"
2024-11-18,"400,00"
2024-11-14,"-1,29"
2024-11-12,"-30,20"
2024-11-12,"-20,00"
2024-11-12,"-22,25"
2024-11-12,"-21,20"
2024-11-06,"-5,31"
2024-11-06,"-6,81"
2024-11-04,"0,08"
2024-11-04,"-20,00"
2024-10-31,"-20,00"
2024-10-31,"-48,23"
2024-10-29,"-3,04"
2024-10-28,"-31,82"
2024-10-25,"-20,00"
2024-10-22,"-20,00"
2024-10-22,"-391,00"
2024-10-22,"391,00"
2024-10-21,"-26,00"
2024-10-21,"-2,39"
2024-10-21,"-2,80"
2024-10-21,"-46,30"
2024-10-21,"-1,50"
2024-10-21,"-1,50"
2024-10-18,"-1,00"
2024-10-18,"-1,50"
2024-10-17,"-20,00"
2024-10-16,"400,00"
2024-10-15,"-20,00"
2024-10-14,"-21,59"
2024-10-11,"-5,99"
2024-10-09,"-20,00"
2024-10-08,"-2,80"
2024-10-07,"-21,86"
2024-10-07,"-17,77"
2024-10-03,"-2,00"
2024-10-02,"-20,00"
2024-10-02,"-30,00"
2024-09-30,"-5,52"
2024-09-27,"-8,01"
2024-09-25,"-103,00"
2024-09-25,"-30,00"
2024-09-25,"100,00"
2024-09-23,"-2,80"
2024-09-23,"-1,50"
2024-09-23,"-63,02"
2024-09-23,"-28,90"
2024-09-23,"-20,00"
2024-09-19,"-20,00"
2024-09-18,"-3,37"
2024-09-17,"400,00"
2024-09-16,"-3,61"
2024-09-16,"-8,00"
2024-09-16,"-17,66"
2024-09-12,"-30,00"
2024-09-11,"-7,07"
2024-09-09,"-42,20"
2024-09-09,"-31,16"
2024-09-09,"-30,00"
2024-09-04,"-10,58"
2024-09-04,"-30,00"
2024-08-29,"-20,00"
2024-08-27,"-100,00"
2024-08-27,"-13,96"
2024-08-27,"-17,94"
2024-08-27,"-6,10"
2024-08-26,"-1,00"
2024-08-26,"-1 000,00"
2024-08-19,"400,00"
2024-08-01,"-20,00"
2024-07-16,"400,00"
2024-06-28,"-1,50"
2024-06-28,"-1,50"
2024-06-28,"-2,80"
2024-06-28,"-2,80"
2024-06-28,"-20,00"
2024-06-24,"-15,69"
2024-06-24,"-8,00"
2024-06-21,"-20,00"
2024-06-21,"-20,00"
2024-06-20,"-2,80"
2024-06-20,"-1,50"
2024-06-20,"-75,00"
2024-06-18,"400,00"
2024-06-17,"-39,60"
2024-06-11,"-20,00"
2024-06-10,"-8,00"
2024-06-10,"-20,47"
2024-06-07,"-20,00"
2024-06-04,"-20,00"
2024-06-03,"-24,46"
2024-06-03,"-8,00"
2024-05-30,"-20,00"
2024-05-28,"300,00"
2024-05-27,"-20,00"
2024-05-27,"-32,92"
2024-05-21,"-33,76"
2024-05-21,"-20,00"
2024-05-16,"-2,80"
2024-05-16,"-20,00"
2024-05-10,"-44,50"
2024-05-07,"-39,99"
2024-05-06,"-20,00"
2024-05-06,"-20,00"
2024-05-06,"-17,74"
2024-05-06,"-20,00"
2024-04-29,"-32,99"
2024-04-29,"400,00"
2024-04-26,"-10,00"
2024-04-25,"-20,00"
2024-04-23,"-13,00"
2024-04-18,"300,00"
2024-04-15,"10,00"
2024-04-09,"-2,80"
2024-03-12,"-2,72"
2024-03-11,"-2,80"
2024-03-11,"-1,00"
2024-02-05,"-15,58"
2024-01-22,"-1,50"
2024-01-15,"-34,30"
2024-01-15,"-20,00"
2024-01-02,"40,00"
2024-01-02,"50,00"